<?xml version="1.0" encoding="UTF-8" standalone="yes"?>
<addon id="plugin.program.ZTBH-Wizard19" name="[COLOR darkcyan]Zadar [/COLOR]Wizard" version="0.0.3" provider-name="ZadarTeamBuildHrvatska">
  <requires>
    <import addon="xbmc.python" version="3.0.0"/>
    <import addon="script.module.six" />
    <import addon="script.module.kodi-six" />
  </requires>
  <extension point="xbmc.python.pluginsource" library="default.py">
        <provides>executable</provides>
  </extension>
  <extension point="xbmc.service" library="startup.py" start="startup" />
  <extension point="xbmc.addon.metadata">
    <summary lang="en">ZTBH Wizard</summary>
    <description lang="en">Najbolji buildovi na balkanu !</description>
    <platform>all</platform>
    <reuselanguageinvoker>false</reuselanguageinvoker>
    <source>http://zadarbuild.com.hr/</source>
    <assets>
				<icon>icon.png</icon>
				<fanart>fanart.jpg</fanart>
				<banner>banner.jpg</banner>
				<clearlogo>clear_logo.png</clearlogo>
				<screenshot></screenshot>
		</assets>
  </extension>
</addon>